FirstName,LastName,Email,Address
Anton,Becker,anton.becker@example.com,Main Street 1
Julian Maximilian,Becker,julianmaximilian.becker@example.com,Lindenweg 5
David,Richter,david.richter0@example.com,Deutschhausstr 3
Felix,Weber,felix.weber1@example.com,Kirchplatz 2
Quinn,Becker,quinn.becker2@example.com,Kirchplatz 20
Nina,Schäfer,nina.schäfer3@example.com,Firmanaistr 1
Oscar,Neumann,oscar.neumann4@example.com,Ringstraße 3
Till,Funiak,till.funiak@example.com,Bahnhofstraße 12
Noah,Hahnheiser,noah.hahnheiser@example.com,Gartenweg 7
Marie,Häuser,marie.haeuser@example.com,Schulstraße 22
Sophie,Herbst,sophie.herbst@example.com,Ringstraße 3
Benjamin Elias,Jentes,benjaminelias.jentes@example.com,Waldweg 9
Noah,Kloubert,noah.kloubert@example.com,Bergstraße 14
Marco,Knefel,marco.knefel@example.com,Am Markt 4
Simon,Kohl,simon.kohl@example.com,Musterweg 6
Mia,Klein,mia.klein22@example.com,Main Street 1
Anna,Wagner,anna.wagner23@example.com,Goethestraße 44
Lena,Wolf,lena.wolf24@example.com,Feldstraße 11
Quinn,Hoffmann,quinn.hoffmann25@example.com,Tulpenweg 16
Rita,Klein,rita.klein26@example.com,Rosenweg 8
Felix,Klein,felix.klein27@example.com,Sonnenallee 15
Stefanie,Köhler,stefanie.koehler@example.com,Feldstraße 11
Gian-Luk,Kröger,gian-luk.kroeger@example.com,Seestraße 2
Marvin,Küpper-Fahrenberg,marvin.kuepperfahrenberg@example.com,Rosenweg 8
Nikola,Novakovic,nikola.novakovic@example.com,Sonnenallee 15
Sophia,Rau,sophia.rau@example.com,Parkstraße 19
Adrian Benedict,Reichard,adrianbenedict.reichard@example.com,Dorfstraße 10
Desiree,Rühl,desiree.ruehl@example.com,Ahornweg 13
Maike,Seeger,maike.seeger@example.com,Birkenstraße 17
Kora,Simeth,kora.simeth@example.com,Kirchplatz 20
Philip,Sperl,philip.sperl@example.com,Hauptstraße 21
Julian,Theuerl,julian.theuerl@example.com,Tulpenweg 16
Rosa,Zucchi,rosa.zucchi@example.com,Nelkenstraße 18
Xinyi,Huang,xinyi.huang@example.com,Bachstraße 23
